"date","categories","location","total_vaccinations","mobility"
"2021-01-22",first_wave_covid19,Indonesia,"132000.0",-23.3333
"2021-01-24",first_wave_covid19,Indonesia,"149242.0",-22.8333
"2021-01-25",first_wave_covid19,Indonesia,"161959.0",-20.3333
"2021-01-26",first_wave_covid19,Indonesia,"245685.0",-21.3333
"2021-01-27",first_wave_covid19,Indonesia,"308003.0",-20.5000
"2021-01-28",first_wave_covid19,Indonesia,"373786.0",-19.5000
"2021-01-29",first_wave_covid19,Indonesia,"416299.0",-21.1667
"2021-01-30",first_wave_covid19,Indonesia,"502955.0",-20.0000
"2021-01-31",first_wave_covid19,Indonesia,"515681.0",-16.6667
"2021-02-01",first_wave_covid19,Indonesia,"574938.0",-19.1667
"2021-02-02",first_wave_covid19,Indonesia,"648259.0",-18.3333
"2021-02-03",first_wave_covid19,Indonesia,"717647.0",-20.6667
"2021-02-04",first_wave_covid19,Indonesia,"796819.0",-20.3333
"2021-02-05",first_wave_covid19,Indonesia,"865609.0",-18.5000
"2021-02-06",first_wave_covid19,Indonesia,"914303.0",-20.8333
"2021-02-07",first_wave_covid19,Indonesia,"923449.0",-22.3333
"2021-02-08",first_wave_covid19,Indonesia,"985855.0",-19.8333
"2021-02-09",first_wave_covid19,Indonesia,"1066860.0",-18.0000
"2021-02-10",first_wave_covid19,Indonesia,"1248797.0",-17.3333
"2021-02-11",first_wave_covid19,Indonesia,"1362791.0",-14.3333
"2021-02-13",first_wave_covid19,Indonesia,"1475812.0",-19.5000
"2021-02-14",first_wave_covid19,Indonesia,"1494325.0",-17.8333
"2021-02-15",first_wave_covid19,Indonesia,"1578720.0",-17.8333
"2021-02-16",first_wave_covid19,Indonesia,"1658110.0",-18.6667
"2021-02-17",first_wave_covid19,Indonesia,"1747267.0",-17.8333
"2021-02-18",first_wave_covid19,Indonesia,"1787976.0",-19.6667
"2021-02-20",first_wave_covid19,Indonesia,"1956725.0",-19.1667
"2021-02-23",first_wave_covid19,Indonesia,"2059871.0",-18.8333
"2021-02-24",first_wave_covid19,Indonesia,"2188788.0",-18.3333
"2021-02-25",first_wave_covid19,Indonesia,"2315665.0",-16.1667
"2021-02-26",first_wave_covid19,Indonesia,"2449451.0",-16.1667
"2021-02-27",first_wave_covid19,Indonesia,"2598535.0",-14.0000
"2021-02-28",first_wave_covid19,Indonesia,"2690163.0",-11.3333
"2021-03-02",first_wave_covid19,Indonesia,"3023348.0",-15.3333
"2021-03-03",first_wave_covid19,Indonesia,"3386351.0",-14.0000
"2021-03-05",first_wave_covid19,Indonesia,"3528152.0",-15.1667
"2021-03-07",first_wave_covid19,Indonesia,"4022544.0",-13.6667
"2021-03-10",first_wave_covid19,Indonesia,"4837576.0",-11.6667
"2021-03-11",first_wave_covid19,Indonesia,"4991674.0",-14.1667
"2021-03-12",first_wave_covid19,Indonesia,"5108536.0",-15.3333
"2021-03-13",first_wave_covid19,Indonesia,"5440432.0",-12.6667
"2021-03-14",first_wave_covid19,Indonesia,"5480346.0",-12.6667
"2021-03-15",first_wave_covid19,Indonesia,"5739648.0",-13.1667
"2021-03-16",first_wave_covid19,Indonesia,"6185700.0",-14.8333
"2021-03-17",first_wave_covid19,Indonesia,"6581388.0",-13.3333
"2021-03-18",first_wave_covid19,Indonesia,"6787283.0",-14.3333
"2021-03-19",first_wave_covid19,Indonesia,"7027463.0",-14.0000
"2021-03-20",first_wave_covid19,Indonesia,"7346148.0",-11.8333
"2021-03-21",first_wave_covid19,Indonesia,"7835357.0",-11.0000
"2021-03-22",first_wave_covid19,Indonesia,"7879881.0",-14.0000
"2021-03-23",first_wave_covid19,Indonesia,"8226632.0",-14.6667
"2021-03-24",first_wave_covid19,Indonesia,"8687796.0",-13.3333
"2021-03-25",first_wave_covid19,Indonesia,"9330853.0",-12.8333
"2021-03-26",first_wave_covid19,Indonesia,"10117812.0",-12.0000
"2021-03-27",first_wave_covid19,Indonesia,"10412824.0",-12.3333
"2021-03-28",first_wave_covid19,Indonesia,"10489657.0",-9.5000
"2021-03-29",first_wave_covid19,Indonesia,"10707915.0",-12.6667
"2021-03-30",first_wave_covid19,Indonesia,"11229846.0",-14.0000
"2021-03-31",first_wave_covid19,Indonesia,"11805314.0",-11.0000
"2021-04-01",period_of_quiet,Indonesia,"12200266.0",-6.8333
"2021-04-02",period_of_quiet,Indonesia,"12286155.0",-9.5000
"2021-04-03",period_of_quiet,Indonesia,"12485291.0",-8.6667
"2021-04-04",period_of_quiet,Indonesia,"12643583.0",-5.5000
"2021-04-05",period_of_quiet,Indonesia,"13046407.0",-8.5000
"2021-04-06",period_of_quiet,Indonesia,"13353717.0",-9.5000
"2021-04-07",period_of_quiet,Indonesia,"13735337.0",-9.0000
"2021-04-08",period_of_quiet,Indonesia,"13975000.0",-7.8333
"2021-04-09",period_of_quiet,Indonesia,"14727509.0",-8.0000
"2021-04-10",period_of_quiet,Indonesia,"15005957.0",-5.1667
"2021-04-11",period_of_quiet,Indonesia,"15145565.0",-3.5000
"2021-04-12",period_of_quiet,Indonesia,"15572530.0",-4.8333
"2021-04-13",period_of_quiet,Indonesia,"15805960.0",-20.5000
"2021-04-14",period_of_quiet,Indonesia,"16046363.0",-17.8333
"2021-04-15",period_of_quiet,Indonesia,"16309777.0",-15.6667
"2021-04-16",period_of_quiet,Indonesia,"16526130.0",-15.3333
"2021-04-17",period_of_quiet,Indonesia,"16690960.0",-16.5000
"2021-04-18",period_of_quiet,Indonesia,"16739340.0",-16.0000
"2021-04-19",period_of_quiet,Indonesia,"17017666.0",-14.1667
"2021-04-20",period_of_quiet,Indonesia,"17233178.0",-13.1667
"2021-04-21",period_of_quiet,Indonesia,"17591216.0",-12.1667
"2021-04-22",period_of_quiet,Indonesia,"17920908.0",-12.8333
"2021-04-23",period_of_quiet,Indonesia,"18265027.0",-13.3333
"2021-04-24",period_of_quiet,Indonesia,"18484179.0",-13.0000
"2021-04-25",period_of_quiet,Indonesia,"18556227.0",-12.3333
"2021-04-26",period_of_quiet,Indonesia,"18842883.0",-11.8333
"2021-04-27",period_of_quiet,Indonesia,"19159802.0",-11.8333
"2021-04-28",period_of_quiet,Indonesia,"19487346.0",-11.1667
"2021-04-29",period_of_quiet,Indonesia,"19847136.0",-8.6667
"2021-04-30",period_of_quiet,Indonesia,"20015745.0",-7.6667
"2021-05-01",period_of_quiet,Indonesia,"20110846.0",-8.6667
"2021-05-02",period_of_quiet,Indonesia,"20135649.0",-6.3333
"2021-05-03",period_of_quiet,Indonesia,"20372568.0",-4.3333
"2021-05-04",period_of_quiet,Indonesia,"20653919.0",-3.6667
"2021-05-05",period_of_quiet,Indonesia,"20984828.0",-3.0000
"2021-05-06",period_of_quiet,Indonesia,"21313654.0",-5.8333
"2021-05-07",period_of_quiet,Indonesia,"21592945.0",-6.5000
"2021-05-08",period_of_quiet,Indonesia,"21868276.0",-7.1667
"2021-05-09",period_of_quiet,Indonesia,"21975503.0",-5.6667
"2021-05-10",period_of_quiet,Indonesia,"22230343.0",-2.1667
"2021-05-11",period_of_quiet,Indonesia,"22485737.0",0.6667
"2021-05-12",period_of_quiet,Indonesia,"22586588.0",-0.8333
"2021-05-13",period_of_quiet,Indonesia,"22615110.0",-16.0000
"2021-05-14",period_of_quiet,Indonesia,"22620824.0",-11.1667
"2021-05-15",period_of_quiet,Indonesia,"22675927.0",-7.8333
"2021-05-16",period_of_quiet,Indonesia,"22708311.0",-4.5000
"2021-05-17",period_of_quiet,Indonesia,"22870037.0",-2.5000
"2021-05-18",period_of_quiet,Indonesia,"23199575.0",-0.8333
"2021-05-19",period_of_quiet,Indonesia,"23466389.0",-1.0000
"2021-05-20",period_of_quiet,Indonesia,"23905335.0",-1.5000
"2021-05-21",period_of_quiet,Indonesia,"24317577.0",-4.1667
"2021-05-22",period_of_quiet,Indonesia,"24641165.0",-2.8333
"2021-05-23",period_of_quiet,Indonesia,"24762597.0",-0.1667
"2021-05-24",period_of_quiet,Indonesia,"24816571.0",-4.0000
"2021-05-25",period_of_quiet,Indonesia,"25455786.0",-0.1667
"2021-05-26",period_of_quiet,Indonesia,"25760831.0",-0.1667
"2021-05-27",period_of_quiet,Indonesia,"26063579.0",-0.8333
"2021-05-28",period_of_quiet,Indonesia,"26487346.0",-2.3333
"2021-05-29",period_of_quiet,Indonesia,"26758625.0",-2.1667
"2021-05-30",period_of_quiet,Indonesia,"26889189.0",2.6667
"2021-05-31",period_of_quiet,Indonesia,"27045507.0",2.1667
"2021-06-01",second_wave_covid19,Indonesia,"27308881.0",1.5000
"2021-06-02",second_wave_covid19,Indonesia,"27619247.0",1.3333
"2021-06-03",second_wave_covid19,Indonesia,"28027750.0",1.8333
"2021-06-04",second_wave_covid19,Indonesia,"28347058.0",-1.0000
"2021-06-05",second_wave_covid19,Indonesia,"28702933.0",1.6667
"2021-06-06",second_wave_covid19,Indonesia,"28770360.0",2.1667
"2021-06-07",second_wave_covid19,Indonesia,"28972987.0",0.1667
"2021-06-08",second_wave_covid19,Indonesia,"29616507.0",-0.1667
"2021-06-09",second_wave_covid19,Indonesia,"30155028.0",0.3333
"2021-06-10",second_wave_covid19,Indonesia,"30700350.0",0.0000
"2021-06-11",second_wave_covid19,Indonesia,"31195606.0",-2.3333
"2021-06-12",second_wave_covid19,Indonesia,"31603325.0",-0.6667
"2021-06-13",second_wave_covid19,Indonesia,"31727380.0",0.5000
"2021-06-14",second_wave_covid19,Indonesia,"32039910.0",-2.0000
"2021-06-15",second_wave_covid19,Indonesia,"32603744.0",-3.5000
"2021-06-16",second_wave_covid19,Indonesia,"33264392.0",-3.1667
"2021-06-17",second_wave_covid19,Indonesia,"33962386.0",-3.5000
"2021-06-18",second_wave_covid19,Indonesia,"34551233.0",-6.1667
"2021-06-19",second_wave_covid19,Indonesia,"35086248.0",-7.0000
"2021-06-20",second_wave_covid19,Indonesia,"35283078.0",-7.0000
"2021-06-21",second_wave_covid19,Indonesia,"35586159.0",-7.0000
"2021-06-22",second_wave_covid19,Indonesia,"36304801.0",-6.5000
"2021-06-23",second_wave_covid19,Indonesia,"36998897.0",-7.0000
"2021-06-24",second_wave_covid19,Indonesia,"37699231.0",-8.1667
"2021-06-25",second_wave_covid19,Indonesia,"38394659.0",-7.5000
"2021-06-26",second_wave_covid19,Indonesia,"39050655.0",-8.5000
"2021-06-27",second_wave_covid19,Indonesia,"40224794.0",-8.5000
"2021-06-28",second_wave_covid19,Indonesia,"40601932.0",-7.8333
"2021-06-29",second_wave_covid19,Indonesia,"41634512.0",-8.6667
"2021-06-30",second_wave_covid19,Indonesia,"42744641.0",-8.6667
"2021-07-01",second_wave_covid19,Indonesia,"43808549.0",-6.0000
"2021-07-02",second_wave_covid19,Indonesia,"44661928.0",-7.3333
"2021-07-03",second_wave_covid19,Indonesia,"45495972.0",-12.3333
"2021-07-04",second_wave_covid19,Indonesia,"46043309.0",-14.0000
"2021-07-05",second_wave_covid19,Indonesia,"46338202.0",-11.0000
"2021-07-06",second_wave_covid19,Indonesia,"47444009.0",-11.8333
"2021-07-07",second_wave_covid19,Indonesia,"48483610.0",-12.0000
"2021-07-08",second_wave_covid19,Indonesia,"49483188.0",-13.3333
"2021-07-09",second_wave_covid19,Indonesia,"50644144.0",-16.1667
"2021-07-10",second_wave_covid19,Indonesia,"51162406.0",-17.5000
"2021-07-11",second_wave_covid19,Indonesia,"51278367.0",-18.1667
"2021-07-12",second_wave_covid19,Indonesia,"51404659.0",-15.5000
"2021-07-13",second_wave_covid19,Indonesia,"52105605.0",-16.3333
"2021-07-14",second_wave_covid19,Indonesia,"54520987.0",-15.6667
"2021-07-15",second_wave_covid19,Indonesia,"55438248.0",-15.0000
"2021-07-16",second_wave_covid19,Indonesia,"56169540.0",-17.5000
"2021-07-17",second_wave_covid19,Indonesia,"57486482.0",-17.6667
"2021-07-18",second_wave_covid19,Indonesia,"57947614.0",-18.1667
"2021-07-19",second_wave_covid19,Indonesia,"58495882.0",-12.0000
"2021-07-20",second_wave_covid19,Indonesia,"58795963.0",-28.8333
"2021-07-21",second_wave_covid19,Indonesia,"59218277.0",-15.0000
"2021-07-22",second_wave_covid19,Indonesia,"60051995.0",-14.6667
"2021-07-23",second_wave_covid19,Indonesia,"60871399.0",-17.0000
"2021-07-24",second_wave_covid19,Indonesia,"61583922.0",-16.6667
"2021-07-25",second_wave_covid19,Indonesia,"62376478.0",-16.3333
"2021-07-26",second_wave_covid19,Indonesia,"62858198.0",-13.1667
"2021-07-27",second_wave_covid19,Indonesia,"63944892.0",-13.5000
"2021-07-28",second_wave_covid19,Indonesia,"64838074.0",-12.6667
"2021-07-29",second_wave_covid19,Indonesia,"65959164.0",-12.5000
"2021-07-30",second_wave_covid19,Indonesia,"66952414.0",-14.0000
"2021-07-31",second_wave_covid19,Indonesia,"67761337.0",-14.1667
"2021-08-01",second_wave_covid19,Indonesia,"68151247.0",-13.3333
"2021-08-02",second_wave_covid19,Indonesia,"68620908.0",-11.0000
"2021-08-03",second_wave_covid19,Indonesia,"69543116.0",-11.3333
"2021-08-04",second_wave_covid19,Indonesia,"70450631.0",-10.1667
"2021-08-05",second_wave_covid19,Indonesia,"71044502.0",-10.3333
"2021-08-06",second_wave_covid19,Indonesia,"72282882.0",-11.1667
"2021-08-07",second_wave_covid19,Indonesia,"73147087.0",-10.6667
"2021-08-08",second_wave_covid19,Indonesia,"74275263.0",-11.3333
"2021-08-09",second_wave_covid19,Indonesia,"74842339.0",-10.1667
"2021-08-10",second_wave_covid19,Indonesia,"76093131.0",-10.6667
"2021-08-11",second_wave_covid19,Indonesia,"77145224.0",-12.1667
"2021-08-12",second_wave_covid19,Indonesia,"77639416.0",-10.1667
"2021-08-13",second_wave_covid19,Indonesia,"80441273.0",-12.3333
"2021-08-14",second_wave_covid19,Indonesia,"81412426.0",-11.5000
"2021-08-15",second_wave_covid19,Indonesia,"81800407.0",-10.8333
"2021-08-16",second_wave_covid19,Indonesia,"82907666.0",-8.6667
"2021-08-17",second_wave_covid19,Indonesia,"84141599.0",-15.0000
"2021-08-18",second_wave_covid19,Indonesia,"84595839.0",-11.1667
"2021-08-19",second_wave_covid19,Indonesia,"86414456.0",-10.6667
"2021-08-20",second_wave_covid19,Indonesia,"87257192.0",-11.5000
"2021-08-21",second_wave_covid19,Indonesia,"88197072.0",-11.1667
"2021-08-22",second_wave_covid19,Indonesia,"88941175.0",-10.3333
"2021-08-23",second_wave_covid19,Indonesia,"89825940.0",-10.1667
"2021-08-24",second_wave_covid19,Indonesia,"91109808.0",-10.6667
"2021-08-25",second_wave_covid19,Indonesia,"92105838.0",-8.3333
"2021-08-26",second_wave_covid19,Indonesia,"92784183.0",-7.6667
"2021-08-27",second_wave_covid19,Indonesia,"94556758.0",-9.1667
"2021-08-28",second_wave_covid19,Indonesia,"95925079.0",-7.3333
"2021-08-29",second_wave_covid19,Indonesia,"96512676.0",-7.1667
"2021-08-30",second_wave_covid19,Indonesia,"97609356.0",-8.5000
"2021-08-31",second_wave_covid19,Indonesia,"98966499.0",-7.3333
"2021-09-01",second_wave_covid19,Indonesia,"100288175.0",-5.5000
"2021-09-02",second_wave_covid19,Indonesia,"101602002.0",-4.5000
"2021-09-03",second_wave_covid19,Indonesia,"103542706.0",-5.8333
"2021-09-04",second_wave_covid19,Indonesia,"104384321.0",-4.1667
"2021-09-05",second_wave_covid19,Indonesia,"105005826.0",-2.5000
"2021-09-06",second_wave_covid19,Indonesia,"105627444.0",-6.0000
"2021-09-07",second_wave_covid19,Indonesia,"107374568.0",-6.1667
"2021-09-08",second_wave_covid19,Indonesia,"108916110.0",-6.0000
"2021-09-09",second_wave_covid19,Indonesia,"110685380.0",-4.0000
"2021-09-10",second_wave_covid19,Indonesia,"112043252.0",-5.1667
"2021-09-11",second_wave_covid19,Indonesia,"113783060.0",-4.6667
"2021-09-12",second_wave_covid19,Indonesia,"114500929.0",-3.6667
"2021-09-13",second_wave_covid19,Indonesia,"115415402.0",-6.1667
"2021-09-14",second_wave_covid19,Indonesia,"116822846.0",-9.3333
"2021-09-15",second_wave_covid19,Indonesia,"118103364.0",-4.1667
"2021-09-16",second_wave_covid19,Indonesia,"119638458.0",-4.1667
"2021-09-17",second_wave_covid19,Indonesia,"121542203.0",-4.8333
"2021-09-18",second_wave_covid19,Indonesia,"123257089.0",-3.1667
"2021-09-19",second_wave_covid19,Indonesia,"124649550.0",-3.1667
"2021-09-20",second_wave_covid19,Indonesia,"124882412.0",-4.8333
"2021-09-21",second_wave_covid19,Indonesia,"126261777.0",-6.5000
"2021-09-22",second_wave_covid19,Indonesia,"128609965.0",-4.6667
"2021-09-23",second_wave_covid19,Indonesia,"130228475.0",-4.1667
"2021-09-24",second_wave_covid19,Indonesia,"132572040.0",-4.5000
"2021-09-25",second_wave_covid19,Indonesia,"133429623.0",-1.6667
"2021-09-26",second_wave_covid19,Indonesia,"134987333.0",-1.8333
"2021-09-27",second_wave_covid19,Indonesia,"136078002.0",-3.5000
"2021-09-28",second_wave_covid19,Indonesia,"138186855.0",-3.3333
"2021-09-29",second_wave_covid19,Indonesia,"140235980.0",-2.6667
"2021-09-30",second_wave_covid19,Indonesia,"142192361.0",-0.8333
"2021-10-01",period_of_quiet,Indonesia,"143911698.0",-0.1667
"2021-10-02",period_of_quiet,Indonesia,"145383060.0",2.8333
"2021-10-03",period_of_quiet,Indonesia,"146456498.0",3.6667
"2021-10-04",period_of_quiet,Indonesia,"147230613.0",-1.8333
"2021-10-05",period_of_quiet,Indonesia,"148596138.0",-0.8333
"2021-10-06",period_of_quiet,Indonesia,"150223752.0",0.3333
"2021-10-07",period_of_quiet,Indonesia,"151451699.0",0.8333
"2021-10-08",period_of_quiet,Indonesia,"154252314.0",-0.1667
"2021-10-09",period_of_quiet,Indonesia,"156281958.0",3.0000
"2021-10-10",period_of_quiet,Indonesia,"157468784.0",4.3333
"2021-10-11",period_of_quiet,Indonesia,"157929575.0",-0.6667
"2021-10-12",period_of_quiet,Indonesia,"159768474.0",0.0000
"2021-10-13",period_of_quiet,Indonesia,"162097315.0",0.5000
"2021-10-14",period_of_quiet,Indonesia,"164730775.0",0.6667
"2021-10-15",period_of_quiet,Indonesia,"166861741.0",0.0000
"2021-10-16",period_of_quiet,Indonesia,"168836886.0",2.3333
"2021-10-17",period_of_quiet,Indonesia,"170235796.0",2.3333
"2021-10-18",period_of_quiet,Indonesia,"171169816.0",-4.1667
"2021-10-19",period_of_quiet,Indonesia,"173014525.0",-0.1667
"2021-10-20",period_of_quiet,Indonesia,"174419558.0",0.8333
"2021-10-21",period_of_quiet,Indonesia,"175579925.0",0.5000
"2021-10-22",period_of_quiet,Indonesia,"177812708.0",-1.3333
"2021-10-23",period_of_quiet,Indonesia,"179437660.0",1.3333
"2021-10-24",period_of_quiet,Indonesia,"180948208.0",2.3333
"2021-10-25",period_of_quiet,Indonesia,"181688388.0",0.0000
"2021-10-26",period_of_quiet,Indonesia,"183477223.0",-0.6667
"2021-10-27",period_of_quiet,Indonesia,"185616142.0",-1.1667
"2021-10-28",period_of_quiet,Indonesia,"187720150.0",1.3333
"2021-10-29",period_of_quiet,Indonesia,"189750191.0",0.8333
"2021-10-30",period_of_quiet,Indonesia,"192442506.0",2.3333
"2021-10-31",period_of_quiet,Indonesia,"193361231.0",3.8333
"2021-11-01",period_of_quiet,Indonesia,"194141514.0",-0.5000
"2021-11-02",period_of_quiet,Indonesia,"195693514.0",0.1667
"2021-11-03",period_of_quiet,Indonesia,"197804943.0",3.1667
"2021-11-04",period_of_quiet,Indonesia,"199539846.0",0.6667
"2021-11-05",period_of_quiet,Indonesia,"201512037.0",1.6667
"2021-11-06",period_of_quiet,Indonesia,"202270239.0",4.6667
"2021-11-07",period_of_quiet,Indonesia,"204100126.0",2.1667
"2021-11-08",period_of_quiet,Indonesia,"204606962.0",2.6667
"2021-11-09",period_of_quiet,Indonesia,"206529810.0",-0.5000
"2021-11-10",period_of_quiet,Indonesia,"208289405.0",0.3333
"2021-11-11",period_of_quiet,Indonesia,"209858444.0",2.6667
"2021-11-12",period_of_quiet,Indonesia,"211907880.0",-0.3333
"2021-11-13",period_of_quiet,Indonesia,"213128276.0",0.8333
"2021-11-14",period_of_quiet,Indonesia,"214445104.0",3.3333
"2021-11-15",period_of_quiet,Indonesia,"215168960.0",-0.5000
"2021-11-16",period_of_quiet,Indonesia,"216663555.0",0.1667
"2021-11-17",period_of_quiet,Indonesia,"218286093.0",1.8333
"2021-11-18",period_of_quiet,Indonesia,"218409909.0",2.6667
"2021-11-19",period_of_quiet,Indonesia,"221362168.0",0.0000
"2021-11-20",period_of_quiet,Indonesia,"222785206.0",2.1667
"2021-11-21",period_of_quiet,Indonesia,"223638627.0",4.1667
"2021-11-22",period_of_quiet,Indonesia,"224041006.0",0.8333
"2021-11-23",period_of_quiet,Indonesia,"225644845.0",-1.0000
"2021-11-24",period_of_quiet,Indonesia,"227295834.0",2.3333
"2021-11-25",period_of_quiet,Indonesia,"228987709.0",2.8333
"2021-11-26",period_of_quiet,Indonesia,"230610233.0",0.6667
"2021-11-27",period_of_quiet,Indonesia,"231786452.0",1.3333
"2021-11-28",period_of_quiet,Indonesia,"232869968.0",2.6667
"2021-11-29",period_of_quiet,Indonesia,"233664522.0",3.0000
"2021-11-30",period_of_quiet,Indonesia,"234839306.0",2.1667
"2021-12-01",period_of_quiet,Indonesia,"236724392.0",4.8333
"2021-12-02",period_of_quiet,Indonesia,"238203878.0",6.6667
"2021-12-03",period_of_quiet,Indonesia,"239549926.0",5.5000
"2021-12-04",period_of_quiet,Indonesia,"240654588.0",3.1667
"2021-12-05",period_of_quiet,Indonesia,"241441928.0",5.0000
"2021-12-06",period_of_quiet,Indonesia,"241926512.0",1.0000
"2021-12-07",period_of_quiet,Indonesia,"243116796.0",2.3333
"2021-12-08",period_of_quiet,Indonesia,"244253314.0",5.3333
"2021-12-09",period_of_quiet,Indonesia,"245595833.0",5.0000
"2021-12-10",period_of_quiet,Indonesia,"246880508.0",3.8333
"2021-12-11",period_of_quiet,Indonesia,"248355276.0",5.3333
"2021-12-12",period_of_quiet,Indonesia,"249399820.0",8.1667
"2021-12-13",period_of_quiet,Indonesia,"249974816.0",5.8333
"2021-12-14",period_of_quiet,Indonesia,"251106714.0",4.0000
"2021-12-15",period_of_quiet,Indonesia,"252866371.0",5.0000
"2021-12-16",period_of_quiet,Indonesia,"254443692.0",4.8333
"2021-12-17",period_of_quiet,Indonesia,"256270038.0",4.5000
"2021-12-18",period_of_quiet,Indonesia,"257882469.0",6.3333
"2021-12-19",period_of_quiet,Indonesia,"258469441.0",8.8333
"2021-12-20",period_of_quiet,Indonesia,"258955775.0",3.8333
"2021-12-21",period_of_quiet,Indonesia,"260302530.0",4.1667
"2021-12-22",period_of_quiet,Indonesia,"262043740.0",8.0000
"2021-12-23",period_of_quiet,Indonesia,"263751186.0",5.1667
"2021-12-24",period_of_quiet,Indonesia,"265370276.0",6.6667
"2021-12-25",period_of_quiet,Indonesia,"266589872.0",-0.3333
"2021-12-26",period_of_quiet,Indonesia,"267262585.0",6.6667
"2021-12-27",period_of_quiet,Indonesia,"267807642.0",3.8333
"2021-12-28",period_of_quiet,Indonesia,"269370107.0",6.3333
"2021-12-29",period_of_quiet,Indonesia,"271240030.0",7.1667
"2021-12-30",period_of_quiet,Indonesia,"273016811.0",10.0000
"2021-12-31",period_of_quiet,Indonesia,"274749184.0",13.8333
"2022-02-06",third_wave_covid19,Indonesia,"323371246.0",4.8333
"2022-02-07",third_wave_covid19,Indonesia,"325015898.0",3.1667
"2022-02-08",third_wave_covid19,Indonesia,"325992890.0",1.5000
"2022-02-09",third_wave_covid19,Indonesia,"327792245.0",0.8333
"2022-02-10",third_wave_covid19,Indonesia,"328946156.0",3.3333
"2022-02-12",third_wave_covid19,Indonesia,"331098258.0",1.3333
"2022-02-13",third_wave_covid19,Indonesia,"331211718.0",1.3333
"2022-02-14",third_wave_covid19,Indonesia,"332515995.0",1.6667
"2022-02-15",third_wave_covid19,Indonesia,"333824000.0",-0.1667
"2022-02-16",third_wave_covid19,Indonesia,"335078861.0",-0.5000
"2022-02-17",third_wave_covid19,Indonesia,"336459621.0",0.5000
"2022-02-18",third_wave_covid19,Indonesia,"337806448.0",-1.6667
"2022-02-19",third_wave_covid19,Indonesia,"338404616.0",1.5000
"2022-02-20",third_wave_covid19,Indonesia,"338608177.0",1.0000
"2022-02-21",third_wave_covid19,Indonesia,"339640533.0",0.0000
"2022-02-22",third_wave_covid19,Indonesia,"340874189.0",0.3333
"2022-02-23",third_wave_covid19,Indonesia,"342063844.0",2.3333
"2022-02-24",third_wave_covid19,Indonesia,"343353574.0",3.3333
"2022-02-25",third_wave_covid19,Indonesia,"344256469.0",3.6667
"2022-02-26",third_wave_covid19,Indonesia,"344260964.0",6.0000
"2022-02-27",third_wave_covid19,Indonesia,"344263603.0",9.3333
"2022-02-28",third_wave_covid19,Indonesia,"345697245.0",6.0000
"2022-03-01",third_wave_covid19,Indonesia,"345700796.0",5.8333
"2022-03-02",third_wave_covid19,Indonesia,"348638823.0",8.1667
"2022-03-03",third_wave_covid19,Indonesia,"349644040.0",5.8333
"2022-03-04",third_wave_covid19,Indonesia,"351058900.0",8.0000
"2022-03-05",third_wave_covid19,Indonesia,"352266904.0",6.6667
"2022-03-07",third_wave_covid19,Indonesia,"353698734.0",6.8333
"2022-03-08",third_wave_covid19,Indonesia,"354566415.0",8.5000
"2022-03-09",third_wave_covid19,Indonesia,"356256648.0",10.3333
"2022-03-10",third_wave_covid19,Indonesia,"357308080.0",12.0000
"2022-03-11",third_wave_covid19,Indonesia,"358354805.0",11.5000
"2022-03-12",third_wave_covid19,Indonesia,"359380001.0",12.5000
"2022-03-14",third_wave_covid19,Indonesia,"360250837.0",12.0000
"2022-03-16",third_wave_covid19,Indonesia,"362340334.0",14.6667
"2022-03-17",third_wave_covid19,Indonesia,"363890835.0",14.1667
"2022-03-19",third_wave_covid19,Indonesia,"364305498.0",13.8333
"2022-03-20",third_wave_covid19,Indonesia,"364931091.0",14.6667
"2022-03-21",third_wave_covid19,Indonesia,"365473877.0",14.0000
"2022-03-22",third_wave_covid19,Indonesia,"368133995.0",13.6667
"2022-03-23",third_wave_covid19,Indonesia,"369859000.0",14.6667
"2022-03-24",third_wave_covid19,Indonesia,"370188943.0",16.6667
"2022-03-28",third_wave_covid19,Indonesia,"375911010.0",18.0000
"2022-03-29",third_wave_covid19,Indonesia,"377108938.0",17.8333
"2022-03-30",third_wave_covid19,Indonesia,"378074903.0",20.3333
"2022-03-31",third_wave_covid19,Indonesia,"379419843.0",21.5000
"2022-04-04",period_of_quiet,Indonesia,"381033706.0",8.0000
"2022-04-05",period_of_quiet,Indonesia,"383146112.0",6.6667
"2022-04-06",period_of_quiet,Indonesia,"383759338.0",9.3333
"2022-04-07",period_of_quiet,Indonesia,"384378545.0",9.8333
"2022-04-08",period_of_quiet,Indonesia,"385170969.0",8.3333
"2022-04-09",period_of_quiet,Indonesia,"385925688.0",7.0000
"2022-04-10",period_of_quiet,Indonesia,"386366209.0",6.5000
"2022-04-11",period_of_quiet,Indonesia,"387382886.0",10.8333
"2022-04-12",period_of_quiet,Indonesia,"388048499.0",11.6667
"2022-04-13",period_of_quiet,Indonesia,"389329305.0",12.5000
"2022-04-14",period_of_quiet,Indonesia,"390071682.0",16.1667
"2022-04-17",period_of_quiet,Indonesia,"392476033.0",10.1667
"2022-04-18",period_of_quiet,Indonesia,"393248891.0",13.0000
"2022-04-19",period_of_quiet,Indonesia,"394736427.0",10.1667
"2022-04-21",period_of_quiet,Indonesia,"396730099.0",16.6667
"2022-04-23",period_of_quiet,Indonesia,"397859834.0",16.3333
"2022-04-24",period_of_quiet,Indonesia,"398135514.0",17.5000
"2022-04-25",period_of_quiet,Indonesia,"398738106.0",20.3333
"2022-04-26",period_of_quiet,Indonesia,"399513940.0",24.6667
"2022-04-27",period_of_quiet,Indonesia,"401308016.0",25.1667
"2022-04-28",period_of_quiet,Indonesia,"401308016.0",31.3333
"2022-04-29",period_of_quiet,Indonesia,"401308016.0",28.0000
"2022-04-30",period_of_quiet,Indonesia,"401308016.0",24.1667
"2022-05-01",period_of_quiet,Indonesia,"401308016.0",26.6667
"2022-05-02",period_of_quiet,Indonesia,"401308016.0",21.8333
"2022-05-03",period_of_quiet,Indonesia,"401308016.0",41.8333
"2022-05-06",period_of_quiet,Indonesia,"401308016.0",32.6667
"2022-05-07",period_of_quiet,Indonesia,"401308016.0",25.3333
"2022-05-08",period_of_quiet,Indonesia,"401308016.0",26.8333
"2022-05-09",period_of_quiet,Indonesia,"401308016.0",27.5000
"2022-05-12",period_of_quiet,Indonesia,"401308016.0",23.5000
"2022-05-13",period_of_quiet,Indonesia,"401308016.0",20.0000
"2022-05-14",period_of_quiet,Indonesia,"401308016.0",21.1667
"2022-05-15",period_of_quiet,Indonesia,"401308016.0",25.0000
"2022-05-16",period_of_quiet,Indonesia,"401308016.0",23.8333
"2022-05-17",period_of_quiet,Indonesia,"401308016.0",20.6667
"2022-05-18",period_of_quiet,Indonesia,"401308016.0",19.0000
"2022-05-19",period_of_quiet,Indonesia,"401308016.0",16.3333
"2022-05-20",period_of_quiet,Indonesia,"401308016.0",14.8333
"2022-05-21",period_of_quiet,Indonesia,"401308016.0",15.8333
"2022-05-22",period_of_quiet,Indonesia,"401308016.0",18.6667
"2022-05-23",period_of_quiet,Indonesia,"401308016.0",18.5000
"2022-05-24",period_of_quiet,Indonesia,"401308016.0",17.5000
"2022-05-25",period_of_quiet,Indonesia,"401308016.0",20.1667
"2022-05-26",period_of_quiet,Indonesia,"401308016.0",16.1667
"2022-05-27",period_of_quiet,Indonesia,"401308016.0",16.6667
"2022-05-28",period_of_quiet,Indonesia,"401308016.0",17.3333
"2022-05-29",period_of_quiet,Indonesia,"401308016.0",18.6667
"2022-05-30",period_of_quiet,Indonesia,"401308016.0",18.3333
"2022-05-31",period_of_quiet,Indonesia,"401308016.0",19.0000
"2022-06-01",period_of_quiet,Indonesia,"401308016.0",19.6667
"2022-06-03",period_of_quiet,Indonesia,"401308016.0",18.0000
"2022-06-07",period_of_quiet,Indonesia,"415385585.0",19.0000
"2022-06-15",period_of_quiet,Indonesia,"417522347.0",18.0000
"2022-06-21",period_of_quiet,Indonesia,"418977695.0",18.3333
"2022-07-12",period_of_quiet,Indonesia,"423291029.0",21.6667
"2022-07-19",period_of_quiet,Indonesia,"425004686.0",20.8333
"2022-07-26",period_of_quiet,Indonesia,"427093056.0",19.1667
